City,Cloudiness,Country,Date,Humidity,Lat,Lng,Max Temp,Wind Speed
Rikitea,81,PF,1603347253,73,-23.12,-134.97,74.07,2.55
Amga,100,RU,1603347130,95,60.9,131.96,23.7,3.96
Yerbogachën,100,RU,1603347128,97,61.28,108.01,31.53,10.38
Saldanha,0,ZA,1603347254,82,-33.01,17.94,57.2,8.05
Ushuaia,75,AR,1603347125,61,-54.8,-68.3,46.4,3.36
New Norfolk,40,AU,1603347254,63,-42.78,147.06,60.8,11.41
Kungurtug,1,RU,1603347254,47,50.6,97.52,47.7,1.16
Butaritari,47,KI,1603347255,72,3.07,172.79,82.09,8.77
Kavieng,51,PG,1603347255,68,-2.57,150.8,84.38,7.16
Kapaa,75,US,1603347255,78,22.08,-159.32,77.0,4.7
Panzhihua,100,CN,1603347255,78,26.59,101.71,55.53,1.12
Périgueux,70,FR,1603347256,91,45.18,0.72,57.99,6.17
Brae,75,GB,1603347256,65,60.4,-1.35,46.4,21.92
Mar del Plata,70,AR,1603347256,69,-38.0,-57.56,54.0,17.0
Makakilo City,90,US,1603347256,88,21.35,-158.09,77.0,1.32
Vaini,90,TO,1603347256,78,-21.2,-175.2,73.4,8.05
Inhambane,40,MZ,1603347257,61,-23.86,35.38,80.6,9.17
Cotonou,40,BJ,1603347257,88,6.37,2.42,80.6,8.05
Punta Arenas,75,CL,1603347257,70,-53.15,-70.92,46.4,9.17
Carnarvon,0,AU,1603347257,47,-24.87,113.63,77.0,18.34
San Andrés,31,CO,1603347258,71,12.58,-81.7,82.8,2.1
Thompson,90,CA,1603347258,92,55.74,-97.86,23.0,3.36
Broome,90,US,1603347258,100,42.25,-75.83,62.01,4.7
Bud,90,US,1603347258,100,39.45,-86.18,57.99,3.36
Bontang,68,ID,1603347258,70,0.13,117.5,86.02,11.39
Morros,43,BR,1603347258,36,-9.45,-46.3,77.18,2.91
Vostok,100,RU,1603347259,97,46.49,135.88,41.61,1.25
Kruisfontein,0,ZA,1603347259,60,-34.0,24.73,66.0,1.99
Brande,90,DK,1603347259,93,55.94,9.12,55.99,10.29
Hobart,40,AU,1603347059,63,-42.88,147.33,60.8,11.41
Tiksi,100,RU,1603347259,94,71.69,128.87,12.94,5.61
Mount Gambier,100,AU,1603347134,52,-37.83,140.77,68.0,5.82
Upernavik,78,GL,1603347260,96,72.79,-56.15,23.76,2.89
Huarmey,66,PE,1603347260,83,-10.07,-78.15,63.25,6.93
Salalah,20,OM,1603347260,74,17.02,54.09,84.2,3.36
Gondanglegi,99,ID,1603347260,55,-7.75,112.01,91.08,10.74
Itápolis,22,BR,1603347261,69,-21.6,-48.81,68.36,11.21
Mataura,96,NZ,1603347261,58,-46.19,168.86,60.01,1.01
Galesong,20,ID,1603347261,49,-5.32,119.37,93.2,13.87
Hermanus,2,ZA,1603347261,76,-34.42,19.23,63.0,8.01
Yangi Marg`ilon,68,UZ,1603347262,22,40.43,71.72,62.6,13.87
Ponta do Sol,20,PT,1603347262,55,32.67,-17.1,64.4,8.05
Paramonga,58,PE,1603347262,86,-10.67,-77.83,62.35,5.19
Leningradskiy,100,RU,1603347262,94,69.38,178.42,32.32,0.67
Kindu,93,CD,1603347262,97,-2.95,25.95,70.84,1.43
Sørland,75,NO,1603347263,69,67.67,12.69,39.2,9.17
Iqaluit,90,CA,1603347065,93,63.75,-68.51,32.0,4.7
Khatanga,84,RU,1603347008,94,71.97,102.5,13.6,11.86
Los Llanos de Aridane,20,ES,1603347263,68,28.66,-17.92,66.2,8.05
Hofn,93,IS,1603347263,78,64.25,-15.21,37.27,6.62
Port Elizabeth,0,ZA,1603347090,68,-33.92,25.57,66.2,3.36
San Matías,13,BO,1603347264,76,-16.37,-58.4,76.24,2.84
Marystown,98,CA,1603347192,100,47.17,-55.15,55.0,5.99
Esil,99,KZ,1603347264,91,51.96,66.4,34.97,16.51
Busselton,10,AU,1603347264,28,-33.65,115.33,71.01,11.99
Sur,18,OM,1603347264,35,22.57,59.53,86.31,13.38
Mbala,52,ZM,1603347265,55,-8.84,31.37,72.66,5.82
Atuona,4,PF,1603347265,74,-9.8,-139.03,77.9,15.55
San Patricio,20,US,1603347265,83,28.02,-97.52,79.0,9.17
Hobyo,1,SO,1603347265,70,5.35,48.53,83.39,7.74
Kelč,55,CZ,1603347265,81,49.48,17.82,50.0,16.11
Fortuna,1,US,1603347266,87,40.6,-124.16,52.0,11.41
Majene,56,ID,1603347261,57,-3.54,118.97,88.12,7.99
Vanavara,100,RU,1603347266,88,60.34,102.28,38.52,7.49
Xining,0,CN,1603347266,33,36.62,101.77,54.3,3.04
Hithadhoo,34,MV,1603347030,74,-0.6,73.08,83.21,13.47
Tuktoyaktuk,90,CA,1603347267,85,69.45,-133.04,19.4,11.41
Port Shepstone,46,ZA,1603347267,75,-30.74,30.45,69.08,18.79
Nānākuli,90,US,1603347267,88,21.39,-158.15,77.0,1.77
Puerto Ayora,98,EC,1603347267,94,-0.74,-90.35,68.0,7.0
Lavrentiya,1,RU,1603347267,93,65.58,-171.0,35.1,2.39
Muravlenko,75,RU,1603347268,97,63.79,74.52,19.02,9.28
San Jose,0,US,1603347167,70,37.34,-121.89,66.99,1.12
Mahon,86,ES,1603347268,82,39.89,4.27,68.0,8.05
Saint Paul Harbor,1,US,1603347235,56,57.79,-152.41,44.6,23.04
Severo-Kuril'sk,86,RU,1603347268,70,50.68,156.12,42.17,7.31
Münster,33,DE,1603347249,82,51.96,7.63,59.0,6.93
Souillac,75,MU,1603347269,57,-20.52,57.52,80.6,14.99
Chany,96,RU,1603347269,72,55.31,76.76,38.66,16.58
Luanda,75,AO,1603347269,78,-8.84,13.23,77.0,3.36
Port Alfred,0,ZA,1603347269,64,-33.59,26.89,69.19,7.38
Khani,12,GE,1603347270,82,41.96,42.96,59.0,2.24
Belaya Gora,100,RU,1603347270,94,68.53,146.42,9.68,3.15
Ilulissat,100,GL,1603347270,86,69.22,-51.1,28.4,9.17
Tallahassee,1,US,1603347270,94,30.44,-84.28,71.6,8.05
Jamestown,90,US,1603347136,93,42.1,-79.24,53.01,5.82
Saint-Philippe,20,RE,1603347271,65,-21.36,55.77,80.6,23.04
Eureka,2,US,1603347271,83,40.8,-124.16,52.0,4.0
Nikolskoye,90,RU,1603347271,93,59.7,30.79,41.0,8.95
Brigantine,1,US,1603347271,93,39.41,-74.36,64.99,7.27
Aden,14,YE,1603347146,53,12.78,45.04,88.23,2.21
Pokhara,0,NP,1603347272,33,28.23,83.98,81.34,4.85
Henties Bay,4,NA,1603347272,84,-22.12,14.28,61.0,4.0
Bluff,97,NZ,1603347272,58,-46.6,168.33,60.01,1.01
Aklavik,20,CA,1603347230,78,68.22,-135.01,17.6,13.87
Kahului,1,US,1603347272,61,20.89,-156.47,80.6,3.36
Tomatlán,93,MX,1603347273,92,19.93,-105.25,78.75,0.85
Cape Town,2,ZA,1603347273,77,-33.93,18.42,64.99,9.17
Port Hawkesbury,75,CA,1603347273,93,45.62,-61.35,61.0,6.93
Longyearbyen,75,SJ,1603347273,73,78.22,15.64,24.8,9.17
Marawi,100,PH,1603347273,77,8.0,124.29,86.0,5.99
Middle Island,90,US,1603347274,93,40.88,-72.94,64.99,7.9
Ilhabela,21,BR,1603347274,86,-23.78,-45.36,70.56,3.74
Sisimiut,97,GL,1603347274,94,66.94,-53.67,27.01,4.41
Cairns,40,AU,1603347168,58,-16.92,145.77,84.2,13.87
Hasaki,75,JP,1603347274,73,35.73,140.83,72.0,5.82
Tautira,75,PF,1603347275,74,-17.73,-149.15,78.8,5.82
Touros,90,BR,1603347275,94,-5.2,-35.46,75.2,6.93
Ferrandina,40,IT,1603347275,100,40.5,16.45,51.01,2.62
La Grande,20,US,1603347275,90,45.32,-118.09,37.4,5.82
Saint-Augustin,100,CA,1603347275,94,51.23,-58.65,39.54,15.97
Suşehri,0,TR,1603347275,43,40.16,38.09,62.62,1.52
Novaya Lyalya,92,RU,1603347276,89,59.05,60.6,32.34,9.44
Sarangani,92,PH,1603347276,74,5.4,125.46,84.11,10.22
Taseyevo,93,RU,1603347276,48,57.22,94.9,53.8,6.8
Pomabamba,85,PE,1603347276,75,-8.83,-77.47,48.56,3.09
Kaitangata,97,NZ,1603347277,78,-46.28,169.85,54.0,5.01
Kirakira,39,SB,1603347277,69,-10.45,161.92,83.5,5.01
Villa Carlos Paz,98,AR,1603347277,99,-31.42,-64.5,57.0,1.03
Lida,94,BY,1603347277,86,53.88,25.3,46.96,14.38
Pervomayskoye,100,RU,1603347277,60,43.92,46.71,58.46,7.94
Hong Kong,20,HK,1603347278,59,22.29,114.16,81.0,1.99
Albany,99,US,1603347001,79,42.6,-73.97,61.0,2.46
Clyde River,1,CA,1603347278,72,70.47,-68.59,17.6,6.93
Borovskoy,100,KZ,1603347278,78,53.8,64.15,35.24,13.8
George Town,40,MY,1603346984,88,5.41,100.34,80.6,6.93
Ribeira Grande,92,PT,1603347279,65,38.52,-28.7,63.64,14.27
Avarua,100,CK,1603347279,83,-21.21,-159.78,75.2,6.93
Kamenka,100,RU,1603347279,92,51.32,42.77,37.99,9.48
Hambantota,40,LK,1603347279,59,6.12,81.12,93.2,17.22
Biltine,82,TD,1603347280,15,14.53,20.92,81.93,15.14
San Rafael,5,AR,1603347280,78,-34.62,-68.33,51.24,3.94
Kautokeino,99,NO,1603347280,97,69.01,23.04,23.63,11.18
Caconda,45,AO,1603347280,60,-13.73,15.07,64.56,2.51
Chokurdakh,100,RU,1603347280,95,70.63,147.92,12.85,5.39
Airai,41,TL,1603347281,61,-8.93,125.41,75.27,1.21
Gao,0,ML,1603347281,14,16.64,1.64,83.12,9.57
Geraldton,0,AU,1603347281,53,-28.77,114.6,73.4,21.92
Ranong,75,TH,1603347281,70,9.97,98.63,89.6,2.24
Roald,94,NO,1603347282,75,62.58,6.13,41.0,12.75
Nikel,75,RU,1603347282,100,69.41,30.22,21.2,11.41
Cockburn Town,100,TC,1603347282,76,21.46,-71.14,81.46,15.75
Arraial do Cabo,18,BR,1603347282,86,-22.97,-42.03,72.25,12.66
Katangli,99,RU,1603347282,67,51.71,143.23,54.09,10.38
Barrow,90,US,1603347283,93,71.29,-156.79,33.8,17.22
Santa Maria,67,BR,1603347007,79,-29.68,-53.81,66.29,13.38
Nicoya,100,CR,1603347283,92,10.15,-85.45,72.9,2.06
Tubualá,40,PA,1603347283,88,9.52,-79.03,80.6,6.93
Saint George,1,US,1603347040,18,37.1,-113.58,62.6,0.98
Saskylakh,8,RU,1603347284,94,71.92,114.08,6.3,7.23
Haines Junction,4,CA,1603347284,82,60.75,-137.51,20.59,2.24
Hudson Bay,5,CA,1603347284,92,52.85,-102.38,21.49,4.74
Pangnirtung,100,CA,1603347284,94,66.15,-65.71,24.96,2.98
Pudozh,100,RU,1603347284,95,61.81,36.53,31.24,7.47
Sambava,89,MG,1603347285,62,-14.27,50.17,79.86,17.56
Ca Mau,100,VN,1603347212,85,9.18,105.15,81.1,4.27
Talant,88,FR,1603347285,76,47.34,5.01,59.0,6.93
Kudahuvadhoo,2,MV,1603347285,79,2.67,72.89,82.35,12.86
Mount Isa,75,AU,1603347285,27,-20.73,139.5,89.6,23.04
Walvis Bay,90,NA,1603347286,82,-22.96,14.51,61.0,8.05
Wanning,67,CN,1603347286,64,18.8,110.4,79.11,15.68
San Quintín,13,MX,1603347286,85,30.48,-115.95,64.4,4.74
Changli,0,CN,1603347286,37,39.7,119.15,57.0,4.83
Jieshi,32,CN,1603347286,62,22.81,115.83,78.01,5.01
Vardø,40,NO,1603347287,92,70.37,31.11,30.2,8.05
Robertsport,93,LR,1603347287,84,6.75,-11.37,77.27,2.93
Piopio,42,NZ,1603347287,69,-38.47,175.02,62.26,3.02
Padang,100,ID,1603347246,60,-0.95,100.35,84.0,7.14
Najrān,36,SA,1603347287,19,17.49,44.13,71.6,4.7
Mossamedes,36,AO,1603347033,80,-15.2,12.15,70.54,0.92
Faanui,63,PF,1603347288,76,-16.48,-151.75,79.02,12.59
Ukiah,1,US,1603346953,59,39.15,-123.21,62.01,2.46
Sumbe,58,AO,1603347288,73,-11.21,13.84,76.17,5.57
Yellowknife,90,CA,1603347288,92,62.46,-114.35,23.0,9.17
Acará,27,BR,1603347289,96,-1.96,-48.2,72.48,2.51
Hilo,1,US,1603347224,78,19.73,-155.09,75.2,2.66
Merauke,67,ID,1603347289,74,-8.47,140.33,82.58,15.7
Punto Fijo,69,VE,1603347289,80,11.7,-70.2,82.65,20.69
Dingle,32,PH,1603347289,75,11.0,122.67,86.16,15.39
Torbay,90,CA,1603347289,93,47.67,-52.73,50.0,12.75
Dikson,99,RU,1603347290,97,73.51,80.55,26.1,9.4
Porto-Novo,40,BJ,1603347160,88,6.5,2.6,80.6,8.05
Norman Wells,90,CA,1603347290,85,65.28,-126.83,21.2,10.29
Grindavik,90,IS,1603347215,86,63.84,-22.43,41.0,29.97
Alice Springs,40,AU,1603347290,17,-23.7,133.88,98.6,26.4
Isangel,29,VU,1603347291,77,-19.55,169.27,77.85,9.08
São Filipe,29,CV,1603347291,73,14.9,-24.5,80.46,7.07
Westport,90,US,1603347291,100,41.14,-73.36,64.4,3.36
Tari,0,NG,1603347291,32,12.41,4.49,77.63,7.23
Mananara,27,MG,1603347291,62,-16.17,49.77,79.47,9.13
Shuangyang,75,CN,1603347292,42,43.52,125.67,44.6,8.95
Qaanaaq,98,GL,1603347292,88,77.48,-69.36,20.23,7.02
Gornopravdinsk,97,RU,1603347292,97,60.05,69.9,31.86,6.78
Marzuq,3,YE,1603347292,17,14.4,46.47,77.74,6.55
Ust-Kuyga,100,RU,1603347292,95,70.02,135.6,12.16,6.17
Walker,1,US,1603347293,73,30.73,-95.57,75.2,3.36
Gatehouse of Fleet,59,GB,1603347293,93,54.88,-4.18,50.0,7.0
Beira,75,MZ,1603347293,78,-19.84,34.84,77.0,13.87
Måløy,75,NO,1603347293,81,61.94,5.11,46.4,6.93
Khāsh,0,IR,1603347294,15,28.22,61.22,71.37,8.01
Cooma,39,AU,1603347294,28,-36.23,149.13,73.4,10.29
Gimli,60,CA,1603347294,98,50.63,-96.99,30.0,8.34
Buritis,98,BR,1603347294,79,-15.62,-46.42,73.13,3.33
La Teste-de-Buch,16,FR,1603347294,100,44.63,-1.14,53.6,6.98
Chui,96,UY,1603347295,74,-33.7,-53.46,58.64,13.4
Lebu,3,CL,1603347295,87,-37.62,-73.65,45.99,15.5
Swansea,55,GB,1603347295,96,51.62,-3.94,55.0,5.84
Kokstad,20,ZA,1603347295,44,-30.55,29.42,73.38,3.18
Coyhaique,2,CL,1603347295,70,-45.58,-72.07,42.8,3.36
Clarence Town,20,AU,1603347295,57,-32.58,151.78,81.0,14.99
São Félix do Xingu,94,BR,1603347296,89,-6.64,-51.99,72.95,1.74
Minuri,89,PH,1603347296,65,16.54,121.86,89.35,6.31
Bodden Town,100,KY,1603347296,89,19.28,-81.25,81.0,1.99
East London,0,ZA,1603347036,72,-33.02,27.91,66.2,10.29
Ulaanbaatar,3,MN,1603347006,35,47.91,106.88,41.0,6.71
Ishigaki,75,JP,1603347297,100,24.34,124.16,78.8,5.82
Jiuquan,0,CN,1603347297,22,39.74,98.52,64.76,10.47
Necochea,73,AR,1603347135,87,-38.55,-58.74,52.0,3.0
Fort Smith,1,US,1603347297,88,35.39,-94.4,68.0,4.7
El Sauzal de Rodríguez,3,MX,1603347298,82,31.9,-116.68,66.99,0.67
Bengkulu,100,ID,1603347298,76,-3.8,102.27,79.84,10.18
Laas,40,IT,1603347298,100,46.62,10.7,46.99,2.64
Port Hedland,42,AU,1603347298,43,-20.32,118.57,83.73,17.85
Hirara,75,JP,1603347298,100,24.8,125.28,78.8,11.41
Narsaq,61,GL,1603347296,68,60.92,-46.05,26.6,3.36
Pangani,95,TZ,1603347299,72,-5.43,38.97,81.05,5.48
Paciran,65,ID,1603347299,56,-6.88,112.38,88.86,8.97
Krasnosel'kup,81,RU,1603347299,97,65.7,82.47,19.85,3.33
Sterling,1,US,1603347090,93,39.01,-77.43,64.99,3.36
Lüderitz,84,NA,1603347300,79,-26.65,15.16,60.15,17.2
Bethel,90,US,1603347156,100,41.37,-73.41,64.4,2.8
Pevek,40,RU,1603347300,97,69.7,170.31,29.66,9.8
Northam,87,GB,1603347301,92,51.03,-4.22,51.01,5.99
Lebedyn,100,UA,1603347301,72,50.59,34.48,48.2,3.76
Sorong,67,ID,1603347301,74,-0.88,131.25,83.5,6.24
Vilnius,75,LT,1603347191,93,54.69,25.28,46.99,13.87
Oranjemund,84,NA,1603347302,77,-28.55,16.43,61.47,17.2
Soure,9,BR,1603347303,81,-0.72,-48.52,79.77,10.67
Lompoc,90,US,1603347303,87,34.64,-120.46,59.0,0.83
Panabá,56,MX,1603347304,94,21.28,-88.27,75.25,5.86
Ahipara,100,NZ,1603347304,94,-35.17,173.17,59.95,5.23
Nuuk,89,GL,1603347247,86,64.18,-51.72,30.2,4.7
Lázaro Cárdenas,79,MX,1603347305,88,17.96,-102.2,79.59,3.71
Pontian Kecil,20,MY,1603347305,74,1.48,103.39,84.2,8.05
Toora-Khem,26,RU,1603347306,58,52.47,96.11,43.32,3.33
Dhidhdhoo,100,MV,1603347306,77,6.88,73.1,82.24,13.56
Coria,61,ES,1603347306,97,39.99,-6.54,54.0,3.62
Zhezkazgan,25,KZ,1603347307,51,47.8,67.71,45.75,19.93
Neiafu,75,TO,1603347307,83,-18.65,-173.98,77.0,8.05
Cururupu,16,BR,1603347308,88,-1.83,-44.87,74.7,4.0
Opelousas,1,US,1603347308,88,30.53,-92.08,70.0,3.36
Władysławowo,17,PL,1603347309,76,54.79,18.4,55.0,16.11
Severnyy,99,RU,1603347309,93,50.68,36.55,44.6,2.24
Finschhafen,35,PG,1603347309,69,-6.6,147.87,83.95,3.58
Nara,75,JP,1603347310,68,34.69,135.8,71.6,6.93
Kilifi,75,KE,1603347311,94,-3.63,39.85,78.8,6.93
Bredasdorp,75,ZA,1603347311,77,-34.53,20.04,62.6,5.82
San Miguel de Cozumel,90,MX,1603347311,100,20.51,-86.95,77.0,10.29
São João da Barra,60,BR,1603347311,87,-21.64,-41.05,72.7,11.1
Gangākher,29,IN,1603347312,70,18.95,76.75,86.0,3.36
Alofi,90,NU,1603347312,94,-19.06,-169.92,75.2,14.99
Coquimbo,1,CL,1603347196,93,-29.95,-71.34,50.0,4.7
Guatire,32,VE,1603347312,82,10.48,-66.54,73.53,2.62
Kongoussi,20,BF,1603347313,42,13.33,-1.53,80.85,2.82
Bambous Virieux,75,MU,1603347314,57,-20.34,57.76,80.6,14.99
Luena,62,AO,1603347314,69,-11.78,19.92,70.41,2.86
Russell,1,US,1603347303,88,32.35,-85.2,69.8,3.36
Strezhevoy,75,RU,1603347315,98,60.73,77.59,32.0,8.95
Vila Franca do Campo,20,PT,1603347315,72,37.72,-25.43,60.8,5.82
Tonj,87,SS,1603347316,85,7.27,28.68,77.16,3.44
Kloulklubed,90,PW,1603347316,74,7.04,134.26,84.2,10.29
Camacha,20,PT,1603347317,59,33.08,-16.33,64.4,13.87
Meulaboh,98,ID,1603347317,61,4.14,96.13,86.81,7.14
Vásárosnamény,33,HU,1603347318,87,48.13,22.32,46.4,5.86
Wisconsin Rapids,90,US,1603347318,69,44.38,-89.82,37.4,4.7
Pilikwe,31,BW,1603347319,64,-22.8,27.19,66.34,15.14
Klaksvík,88,FO,1603347237,63,62.23,-6.59,32.0,1.12
Nome,90,US,1603347320,86,64.5,-165.41,37.4,8.05
Pisco,18,PE,1603347307,82,-13.7,-76.22,62.6,9.17
Leshukonskoye,51,RU,1603347321,98,64.9,45.76,24.33,1.77
Mushie,88,CD,1603347321,91,-3.02,16.9,73.42,2.28
Las Cruces,1,US,1603347322,16,32.31,-106.78,64.0,9.17
Gazipur,75,BD,1603347322,74,24.0,90.42,84.2,9.17
Pamanukan,15,ID,1603347323,56,-6.28,107.81,89.55,10.33
Tasiilaq,100,GL,1603347323,86,65.61,-37.64,30.2,1.12
Esperance,75,AU,1603347324,77,-33.87,121.9,62.6,14.99
Forbes,37,AU,1603347324,31,-33.38,148.02,81.19,2.26
Quelimane,1,MZ,1603347096,59,-17.88,36.89,82.6,8.16
Takoradze,77,GH,1603347325,88,4.88,-1.76,77.7,5.93
Mongoumba,66,CF,1603347325,84,3.64,18.59,74.43,0.25
Port Hardy,5,CA,1603347303,75,50.7,-127.42,42.8,9.17
Arshan',100,RU,1603347326,45,46.27,44.22,46.4,4.47
Opuwo,0,NA,1603347326,50,-18.06,13.84,65.17,2.95
Talnakh,40,RU,1603347326,85,69.49,88.4,12.2,6.71
Kushiro,75,JP,1603347327,87,42.98,144.37,59.0,17.22
Tecpan,20,GT,1603347327,88,14.76,-90.99,66.0,6.93
Lincoln,90,US,1603347305,93,40.8,-96.67,46.4,9.17
Beyneu,100,KZ,1603347328,51,45.32,55.2,48.7,9.24
Paamiut,3,GL,1603347329,86,61.99,-49.67,31.42,20.62
Uyutnoye,60,UA,1603347329,67,45.2,33.3,62.37,10.63
Poum,0,NC,1603347329,76,-20.23,164.02,77.07,10.07
Tezu,5,IN,1603347330,43,27.92,96.17,88.38,3.56
Palana,76,RU,1603347330,98,59.12,159.97,33.96,6.82
Sola,71,VU,1603347330,77,-13.88,167.55,80.8,10.16
Mpophomeni,74,ZA,1603347331,85,-29.57,30.19,66.0,1.54
Verāval,0,IN,1603347331,60,20.9,70.37,87.28,6.44
Lorengau,89,PG,1603347331,75,-2.02,147.27,83.21,2.44
Horsham,20,GB,1603347332,87,51.06,-0.33,55.99,6.93
Province of Mantua,48,IT,1603347332,100,45.17,10.78,48.0,1.12
Sirte,9,LY,1603347254,58,31.21,16.59,68.45,4.14
Le François,10,MQ,1603347333,88,14.62,-60.9,77.0,4.7
Noumea,90,NC,1603347333,58,-22.28,166.46,84.2,8.05
College,90,US,1603347333,85,64.86,-147.8,24.8,6.93
Zeya,97,RU,1603347333,91,53.75,127.27,30.43,6.78
Kununurra,40,AU,1603347334,44,-15.77,128.73,96.8,6.93
Moerai,76,PF,1603347334,88,-22.43,-151.33,74.21,18.23
Port Macquarie,86,AU,1603347312,71,-31.43,152.92,71.01,11.23
Port-Gentil,75,GA,1603347335,88,-0.72,8.78,78.8,6.93
Saint Stephen,19,GB,1603347335,100,50.33,-4.9,51.01,3.36
Morón,100,AR,1603347335,97,-34.65,-58.62,57.0,7.0
Cabo San Lucas,0,MX,1603347335,71,22.89,-109.91,81.0,9.78
Santa Fe,90,AR,1603347336,83,-31.63,-60.7,66.99,5.01
Ocean City,1,US,1603347251,93,39.28,-74.57,64.99,5.57
Zhangaözen,100,KZ,1603347336,51,43.3,52.8,51.15,7.38
Samarinda,57,ID,1603347336,53,-0.5,117.15,91.89,4.97
North Bend,1,US,1603347117,81,43.41,-124.22,48.2,5.82
Bānkura,88,IN,1603347337,66,23.25,87.07,86.61,12.06
Ondjiva,46,AO,1603347337,30,-17.07,15.73,68.27,8.39
Iwakuni,90,JP,1603347337,88,34.15,132.18,66.2,6.93
Sampit,85,ID,1603347338,52,-2.53,112.95,93.7,2.98
Tiarei,75,PF,1603347338,74,-17.53,-149.33,78.8,5.82
Chokwé,97,MZ,1603347338,73,-24.53,32.98,70.63,9.48
Denpasar,20,ID,1603347082,66,-8.65,115.22,86.0,12.75
Aksu,0,CN,1603347339,24,41.12,80.26,64.11,0.94
Caravelas,99,BR,1603347216,85,-17.71,-39.25,74.08,4.05
Yulara,47,AU,1603347339,11,-25.24,130.99,100.4,28.86
Malé,90,MV,1603347289,94,4.17,73.51,78.8,16.11
Lamesa,75,US,1603347340,77,32.74,-101.95,64.99,11.41
Xifeng,58,CN,1603347340,59,42.74,124.72,42.89,8.81
Taoudenni,4,ML,1603347341,21,22.68,-3.98,72.93,2.01
Vestmannaeyjar,100,IS,1603347341,92,63.44,-20.27,41.68,42.08
Iranshahr,0,IR,1603347341,6,27.2,60.68,75.2,4.7
Riyadh,0,SA,1603347333,30,24.69,46.72,68.0,3.36
Tres Arroyos,88,AR,1603347342,78,-38.37,-60.28,47.82,11.32
Marondera,0,ZW,1603347343,65,-18.19,31.55,64.42,10.98
Dalbandin,0,PK,1603347344,15,28.89,64.41,74.88,2.1
Castro,41,BR,1603347155,95,-24.79,-50.01,57.13,8.95
Manuk Mangkaw,24,PH,1603347344,76,4.8,119.85,84.22,16.04
Arrondissement d'Ajaccio,80,FR,1603347344,76,42.0,8.92,51.8,9.17
Chicama,35,PE,1603347345,82,-7.84,-79.15,63.88,5.3
Fort Nelson,90,CA,1603347345,57,58.81,-122.7,23.0,4.7
Puerto Cabello,49,VE,1603347345,72,10.47,-68.01,82.0,5.61
Margate,1,GB,1603347346,88,51.38,1.39,55.0,4.0
Vytegra,99,RU,1603347346,93,61.01,36.45,32.81,10.92
Anadyr,27,RU,1603347346,80,64.75,177.48,39.2,8.95
San Policarpo,59,PH,1603347346,70,12.18,125.51,86.68,10.45
Kiryat Gat,1,IL,1603347262,66,31.61,34.76,75.0,6.13
Healdsburg,1,US,1603347347,71,38.61,-122.87,66.99,2.86
Provideniya,75,RU,1603347131,80,64.38,-173.3,41.0,6.71
Rio Piracicaba,64,BR,1603347347,93,-19.93,-43.17,65.53,2.33
Pavlohrad,100,UA,1603347348,87,48.52,35.87,51.01,4.47
Ābyek,0,IR,1603347348,76,36.07,50.55,53.6,6.93
Le Port,40,RE,1603347348,58,-20.94,55.29,82.4,25.28
Asău,100,RO,1603347349,93,46.43,26.4,41.0,1.12
Lusambo,9,CD,1603347349,82,-4.97,23.45,74.93,1.43
Mehamn,0,NO,1603347288,92,71.04,27.85,21.2,3.36
Toribío,75,CO,1603347350,88,2.95,-76.27,68.0,4.76
Zlobin,75,HR,1603347351,100,45.29,14.65,54.0,5.82
Goryachegorsk,100,RU,1603347351,45,55.41,88.92,51.6,15.17
Semey,75,KZ,1603347352,53,50.41,80.23,51.8,22.37
Creel,0,MX,1603347352,65,27.75,-107.63,49.33,1.81
Vanimo,99,PG,1603347082,64,-2.67,141.3,82.47,5.75
Sivaki,92,RU,1603347352,90,52.63,126.75,30.47,13.22
Alta Floresta,95,BR,1603347352,88,-9.88,-56.09,74.08,2.17
Sakaiminato,75,JP,1603347353,82,35.55,133.23,66.2,3.36
Aripuanã,71,BR,1603347353,87,-9.17,-60.63,74.3,2.1
Tura,50,IN,1603347353,92,25.52,90.22,78.13,3.85
Port-Cartier,90,CA,1603347354,100,50.03,-66.87,37.4,8.05
Shimoda,75,JP,1603347354,73,34.67,138.95,69.8,11.41
Zielona Góra,33,PL,1603347354,76,51.94,15.51,55.0,5.82
Vulcăneşti,60,MD,1603347354,59,45.68,28.4,52.7,11.14
Cidreira,100,BR,1603347355,88,-30.18,-50.21,65.26,17.27
Killybegs,98,IE,1603347355,91,54.63,-8.45,43.0,1.01
Araouane,0,ML,1603347356,18,18.9,-3.53,83.03,7.74
Cabedelo,75,BR,1603347356,100,-6.98,-34.83,75.2,8.05
Les Cayes,91,HT,1603347356,80,18.2,-73.75,77.94,2.28
Fairbanks,90,US,1603347183,85,64.84,-147.72,24.8,6.93
Jumla,0,NP,1603347305,27,29.27,82.18,66.6,6.44
Pallasovka,74,RU,1603347357,76,50.05,46.88,38.86,7.83
Nouadhibou,0,MR,1603347357,88,20.93,-17.03,69.8,10.29
Preobrazheniye,12,RU,1603347357,74,42.9,133.91,59.43,7.0
Karratha,29,AU,1603347358,31,-20.74,116.85,87.55,20.8
Laguna,1,US,1603347102,63,38.42,-121.42,66.0,1.43
Rajshahi,95,BD,1603347086,63,24.37,88.6,87.4,11.45
Khovd,0,MN,1603347358,51,48.01,91.64,44.47,3.24
Codrington,88,AU,1603347358,78,-38.27,141.97,56.41,13.49
Okhotsk,100,RU,1603347359,93,59.38,143.3,36.54,32.32
Estelle,21,US,1603347359,99,29.85,-90.11,75.0,6.15
Baykit,100,RU,1603347360,88,61.67,96.37,37.87,5.68
Impfondo,100,CG,1603347360,84,1.64,18.07,73.11,1.5
Mugur-Aksy,19,RU,1603347360,70,50.35,90.5,37.22,6.82
Babu,0,CN,1603347361,39,24.42,111.52,77.47,11.83
Ostrovnoy,57,RU,1603347361,97,68.05,39.51,27.37,4.92
Sayyan,62,YE,1603347362,31,15.17,44.32,61.43,5.37
Sundsvall,90,SE,1603347362,93,62.39,17.31,37.4,6.93
Havøysund,6,NO,1603347362,79,71.0,24.66,26.6,10.29
Faya,89,SA,1603347362,19,18.39,42.45,64.4,4.7
Beringovskiy,29,RU,1603347363,87,63.05,179.32,38.35,6.53
Kavaratti,40,IN,1603347363,70,10.57,72.64,86.0,6.93
Camocim,35,BR,1603347132,85,-2.9,-40.84,77.56,11.1
San Cristobal,84,VE,1603347244,89,7.77,-72.22,65.34,2.71
Norman,1,US,1603347318,83,35.22,-97.44,70.0,14.99
Saint-François,98,FR,1603347364,77,46.42,3.91,59.0,6.93
Homer,1,US,1603347364,59,59.64,-151.55,39.0,6.93
Kuytun,56,RU,1603347364,59,54.34,101.5,43.81,11.83
Deming,1,US,1603347365,32,32.27,-107.76,55.4,5.82
Balkanabat,0,TM,1603347365,34,39.51,54.37,63.68,6.71
Port Blair,73,IN,1603347366,76,11.67,92.75,84.51,12.57
Alcázar de San Juan,34,ES,1603347366,93,39.39,-3.21,53.01,4.7
Mandalgovi,0,MN,1603347366,54,45.76,106.27,42.62,13.47
Bagdarin,4,RU,1603347130,78,54.43,113.6,32.5,2.55
Gilbués,15,BR,1603347367,37,-9.83,-45.34,73.78,2.95
Okha,99,RU,1603347367,81,53.57,142.95,49.66,14.83
Manzanillo,100,CU,1603347368,85,20.34,-77.12,75.13,3.13
Tokur,100,RU,1603347128,97,53.13,132.9,32.04,4.97
San Isidro,66,PE,1603347368,87,-12.12,-77.05,61.0,9.17
Schneeberg,72,DE,1603347368,85,50.6,12.63,55.0,8.01
Ustynivka,90,UA,1603347186,81,47.96,32.54,50.0,6.71
Pacific Grove,1,US,1603347079,87,36.62,-121.92,59.0,3.36
Kapit,74,MY,1603347369,44,2.02,112.93,94.91,3.02
Maebaru-chūō,75,JP,1603347369,94,33.55,130.2,68.0,6.93
Vega de Alatorre,27,MX,1603347370,83,20.03,-96.63,76.15,6.04
Concordia,2,AR,1603347370,78,-31.39,-58.02,64.99,5.99
Benghazi,16,LY,1603347370,60,32.12,20.07,69.33,6.02
Mollendo,76,PE,1603347371,78,-17.02,-72.01,62.13,6.89
Dawlatabad,0,AF,1603347371,35,36.41,64.91,63.93,9.75
Half Moon Bay,1,US,1603347371,68,37.46,-122.43,64.4,1.68
Inírida,76,CO,1603347371,96,3.87,-67.92,74.3,2.71
Kumul,0,CN,1603347176,20,42.8,93.45,69.19,2.82
Tongchuanshi,0,CN,1603347372,26,35.08,109.09,64.92,6.26
Hamilton,1,US,1603347372,93,39.18,-84.53,62.6,4.7
Liverpool,90,GB,1603347262,76,53.41,-2.98,51.8,11.41
Lagoa,81,PT,1603347373,70,39.05,-27.98,62.56,13.91
Christchurch,58,NZ,1603347340,76,-43.53,172.63,55.0,16.11
Pimentel,4,PE,1603347373,89,-6.84,-79.93,61.56,12.17
Bereda,2,ES,1603347374,96,43.27,-7.54,50.0,3.0
Simões,54,BR,1603347374,61,-7.6,-40.82,74.89,12.82
Olafsvik,100,IS,1603347374,83,64.89,-23.71,39.56,22.08
Storforshei,75,NO,1603347375,59,66.4,14.52,33.8,8.05
Cayenne,20,GF,1603347375,100,4.93,-52.33,75.2,8.08
Mahébourg,75,MU,1603347375,57,-20.41,57.7,80.6,14.99
Nanortalik,30,GL,1603347375,81,60.14,-45.24,33.98,36.22
Bandarbeyla,90,SO,1603347375,47,9.49,50.81,84.38,1.95
Katherine,99,AU,1603347376,25,-14.47,132.27,100.4,12.75
Ancud,15,CL,1603347376,93,-41.87,-73.82,39.0,4.7
Labuan,20,MY,1603347376,70,5.28,115.24,87.8,6.93
Teguise,20,ES,1603347376,77,29.06,-13.56,68.0,4.7
Erbil,0,IQ,1603347286,29,36.19,44.01,66.2,3.36
Bloomington,90,US,1603347336,99,44.84,-93.3,32.0,3.36
Kendari,19,ID,1603347291,50,-3.94,122.5,89.06,9.48
Port Augusta,40,AU,1603347377,64,-32.5,137.77,78.01,11.41
Navrongo,0,GH,1603347378,59,10.9,-1.09,76.1,3.36
Kjøllefjord,4,NO,1603347378,92,70.95,27.35,21.2,3.36
Aloleng,99,PH,1603347378,80,16.13,119.78,83.68,26.19
Tawang Town,0,IN,1603347378,28,27.58,91.87,66.36,8.12
Lata,32,PT,1603347378,92,40.16,-8.33,55.99,1.01
Talcahuano,0,CL,1603347379,87,-36.72,-73.12,48.2,8.05
Presidencia Roque Sáenz Peña,53,AR,1603347379,64,-26.79,-60.44,77.41,3.91
Udachny,90,RU,1603347379,91,66.42,112.4,3.2,2.24
Kissidougou,84,GN,1603347379,91,9.18,-10.1,66.47,1.23
Princeton,75,US,1603347301,83,25.54,-80.41,79.0,10.29
Khandyga,100,RU,1603347380,95,62.67,135.6,21.65,4.94
Seddon,89,AU,1603347380,59,-37.81,144.89,66.99,13.87
Mana,19,GF,1603347380,86,5.66,-53.78,79.05,7.16
Bambanglipuro,83,ID,1603347381,66,-7.95,110.28,85.57,11.88
Motril,100,ES,1603347381,85,36.75,-3.52,62.01,1.01
Correntina,94,BR,1603347381,72,-13.34,-44.64,74.14,2.46
Olavarría,99,AR,1603347381,92,-36.89,-60.32,51.01,7.0
Tuatapere,100,NZ,1603347382,57,-46.13,167.68,60.01,1.01
Maceió,75,BR,1603347382,94,-9.67,-35.74,71.6,3.36
La Seyne-sur-Mer,100,FR,1603347382,81,43.1,5.88,66.0,13.0
Cherskiy,0,RU,1603347382,94,68.75,161.3,21.6,11.63
Bilma,3,NE,1603347382,19,18.69,12.92,75.88,11.79
Novy Urengoy,90,RU,1603347383,96,66.08,76.63,16.2,9.98
Ixtapa,93,MX,1603347383,97,20.7,-105.2,81.0,0.72
Pitimbu,75,BR,1603347383,100,-7.47,-34.81,75.2,8.05
Ulaangom,88,MN,1603347383,68,49.98,92.07,38.91,4.38
Valdivia,1,CL,1603347384,100,-39.81,-73.25,35.6,1.12
Savannah Bight,7,HN,1603347384,73,16.45,-85.85,82.63,7.56
Constitución,0,CL,1603347384,73,-35.33,-72.42,50.02,8.41
Mikhaylovka,100,RU,1603347384,88,50.06,43.24,39.99,4.0
Kadaura,0,IN,1603347385,22,25.98,79.85,90.3,5.01
Lerwick,75,GB,1603347385,65,60.15,-1.15,46.4,21.92
Sapouy,5,BF,1603347385,48,11.55,-1.77,77.14,5.1
Cam Ranh,20,VN,1603347385,62,11.92,109.16,87.8,18.34
Nariño,40,CO,1603347386,93,5.61,-75.18,60.8,4.7
Agde,100,FR,1603347386,93,43.31,3.48,62.6,14.99
Vezirköprü,20,TR,1603347386,93,41.14,35.45,48.2,0.92
Brekstad,75,NO,1603347387,92,63.69,9.67,36.0,4.7
Pāsighāt,11,IN,1603347387,51,28.07,95.33,86.32,3.83
Jaisalmer,0,IN,1603347387,10,26.91,70.92,91.71,5.59
Guerrero Negro,2,MX,1603347387,89,27.98,-114.06,66.97,9.01
Kulu,9,TR,1603347388,60,39.1,33.08,57.52,7.72
Saqqez,0,IR,1603347388,45,36.25,46.27,59.31,2.33
Halkirk,53,CA,1603347388,95,52.28,-112.15,9.05,7.85
Abu Dhabi,0,AE,1603347380,58,24.47,54.37,84.2,1.12
Sobolevo,99,RU,1603347389,92,54.43,31.9,42.13,10.38
Karlstad,100,SE,1603347389,100,59.38,13.5,50.0,8.05
Yar-Sale,96,RU,1603347389,96,66.83,70.83,19.22,13.44
Irbeyskoye,76,RU,1603347389,49,55.64,95.45,52.81,4.54
Hīt,0,IQ,1603347390,18,33.64,42.83,83.93,9.53
Yeppoon,20,AU,1603347390,48,-23.13,150.73,84.2,10.29
Turaif,0,SA,1603347390,39,31.67,38.66,62.6,5.82
Jalu,0,LY,1603347391,66,29.03,21.55,62.51,6.22
Mahenge,64,TZ,1603347391,66,-8.68,36.72,74.59,3.6
Buraidah,0,SA,1603347391,40,26.33,43.98,68.0,5.82
Avera,40,US,1603347392,82,33.19,-82.53,68.0,6.93
Arrondissement du Havre,31,FR,1603347392,87,49.58,0.33,55.4,6.93
Aykhal,90,RU,1603347392,91,66.0,111.5,3.2,2.24
Makaleng,75,BW,1603347392,72,-20.9,27.28,66.2,13.87
Omsukchan,0,RU,1603347393,91,62.53,155.8,15.71,7.65
Mizdah,0,LY,1603347393,85,31.45,12.98,55.04,5.64
Paracatu,99,BR,1603347393,91,-17.22,-46.87,69.4,2.19
Kisangani,100,CD,1603347393,93,0.52,25.2,73.72,2.53
Nicolás Bravo,38,MX,1603347394,99,18.45,-88.92,72.5,3.04
Myrtle Beach,1,US,1603347303,94,33.69,-78.89,72.0,3.36
Gravdal,75,NO,1603347394,69,68.12,13.5,33.8,8.05
Loa Janan,58,ID,1603347394,50,-0.58,117.09,92.28,5.41
Hluti,41,SZ,1603347395,64,-27.22,31.62,68.52,2.75
Tual,9,ID,1603347395,74,-5.67,132.75,82.45,3.6
Lancaster,90,US,1603347395,93,40.25,-76.25,64.0,3.36
Grand Gaube,35,MU,1603347395,66,-20.01,57.66,79.0,7.0
Askiz,83,RU,1603347396,41,53.13,90.53,53.55,5.7
Lima,71,PE,1603347251,87,-12.04,-77.03,61.0,9.17
Bibiani,27,GH,1603347396,100,6.46,-2.32,69.58,1.14
Novoagansk,100,RU,1603347396,96,61.94,76.66,28.69,7.76
La Asuncion,0,VE,1603347396,88,11.03,-63.86,82.4,12.75
Warmbad,15,NA,1603347397,15,-28.45,18.73,77.97,11.97
Mossendjo,100,CG,1603347397,99,-2.95,12.73,69.94,2.64
Muroto-misakicho,75,JP,1603347397,78,33.28,134.15,71.6,8.05
Sukumo,100,JP,1603347398,90,32.93,132.73,68.97,10.11
Katsuura,74,JP,1603347398,55,35.13,140.3,70.0,1.99
Khilok,27,RU,1603347398,64,51.37,110.47,40.8,7.29
Mulegé,0,MX,1603347398,53,26.88,-111.98,78.03,3.22
Kpandu,0,GH,1603347371,91,7.0,0.29,74.07,3.42
Yellandu,100,IN,1603347399,65,17.6,80.33,84.56,6.2
Predivinsk,99,RU,1603347399,48,57.07,93.44,52.63,11.74
Palauig,94,PH,1603347400,82,15.44,119.9,82.33,18.97
Ponta Delgada,20,PT,1603347400,72,37.73,-25.67,60.8,5.82
Ashington,2,GB,1603347400,3,50.93,-0.39,57.99,1.99
Charlottesville,1,US,1603347299,88,38.03,-78.48,64.4,1.19
Naze,75,JP,1603347401,94,28.37,129.48,77.0,12.75
Kayerkan,40,RU,1603347401,85,69.35,87.76,12.2,6.71
Lethem,42,GY,1603347341,60,3.38,-59.8,79.9,8.34
Yatsuomachi-higashikumisaka,90,JP,1603347401,49,36.57,137.13,73.99,5.82
Alihe,0,CN,1603347402,71,50.57,123.72,35.83,11.99
Madang,38,PG,1603347402,70,-5.22,145.8,85.08,4.63
Rute,60,ES,1603347402,75,37.33,-4.37,61.0,5.39
Batagay-Alyta,60,RU,1603347402,89,67.8,130.41,10.78,2.37
Leh,7,IN,1603347351,45,34.17,77.58,43.47,4.7
Pryyutivka,98,UA,1603347403,65,48.72,33.07,52.02,4.74
Longford,12,IE,1603347403,87,53.73,-7.8,40.15,5.97
Svetlaya,90,RU,1603347404,72,46.54,138.33,56.62,14.81
Dunedin,100,NZ,1603347242,78,-45.87,170.5,54.0,5.01
Xiongyue,0,CN,1603347404,46,40.18,122.12,49.12,18.05
Mitsamiouli,34,KM,1603347404,70,-11.38,43.28,82.24,10.13
Launceston,40,AU,1603347404,67,-41.45,147.17,62.01,12.75
Zambrów,77,PL,1603347405,80,52.99,22.24,51.01,11.95
Safford,1,US,1603347405,19,32.83,-109.71,60.8,4.7
Trelew,13,AR,1603347405,40,-43.25,-65.31,54.41,22.64
Valença do Piauí,1,BR,1603347405,52,-6.41,-41.75,76.57,6.76
Barcelona,20,ES,1603347399,88,41.39,2.16,68.0,5.82
Adolfo López Mateos,0,MX,1603347406,58,28.47,-107.3,50.81,3.98
Boshnyakovo,99,RU,1603347406,70,49.63,142.17,52.75,14.41
Prince Rupert,1,CA,1603347304,93,54.32,-130.32,37.4,8.05
Tabou,60,CI,1603347407,88,4.42,-7.35,76.6,4.99
Kourou,20,GF,1603347407,100,5.16,-52.65,75.2,7.56
Vila Velha,90,BR,1603347222,94,-20.33,-40.29,73.4,2.24
Valença,42,BR,1603347408,93,-13.37,-39.07,72.01,2.73
Murgab,0,TM,1603347273,47,37.5,61.97,55.4,4.7
Rockland,26,US,1603347408,96,41.17,-74.05,64.0,2.33
Bariloche,1,AR,1603347408,70,-41.15,-71.31,48.2,6.93
Zhuhai,43,CN,1603347408,61,22.28,113.57,80.6,20.8
Manaure,49,CO,1603347408,81,11.78,-72.44,81.46,3.78
